Actual,RF_Predicted,LSTM_Predicted
0.7,0.7000000000000015,1.3093611
2.1,2.0999999999999965,1.8892819
3.4,3.3999999999999977,3.5811121
1.0,1.0,0.44871828
-200.0,-200.0,-202.54903
-200.0,-200.0,-198.5642
4.8,4.800000000000008,5.308422
-200.0,-200.0,-200.90712
1.8,1.800000000000003,1.7247919
2.2,2.1999999999999953,1.7002618
5.5,5.5,4.43642
2.9,2.9000000000000012,1.9238478
0.7,0.7000000000000017,0.47443223
3.5,3.5,2.3944497
1.3,1.2999999999999992,1.6543112
4.0,4.0,3.7922876
4.8,4.800000000000008,2.9560246
-200.0,-200.0,-199.24011
1.7,1.6999999999999968,1.7371761
0.8,0.7999999999999985,1.5066568
0.8,0.7999999999999985,1.6860582
-200.0,-200.0,-200.10725
3.5,3.5,3.157436
0.9,0.9000000000000017,0.66187567
1.8,1.800000000000003,1.4720334
2.7,2.6999999999999944,2.2884355
2.1,2.0999999999999965,3.6524587
1.3,1.2999999999999992,0.9107601
1.0,1.0,1.6004183
3.6,3.600000000000003,3.5816064
4.4,4.399999999999993,3.0429215
-200.0,-200.0,-201.295
2.6,2.5999999999999965,2.40848
0.7,0.7000000000000015,0.54752845
7.5,7.489,5.6840525
1.3,1.2999999999999992,1.7790985
1.3,1.2999999999999992,1.5763648
2.0,2.0,1.4046353
2.6,2.5999999999999965,3.0802004
-200.0,-200.0,-199.56903
1.8,1.800000000000003,1.5142702
-200.0,-200.0,-200.18614
0.5,0.5,0.39786285
-200.0,-200.0,-199.82584
-200.0,-200.0,-196.03412
1.7,1.6999999999999968,2.1129992
2.5,2.5,2.2132397
1.5,1.5,1.2450714
-200.0,-200.0,-204.0036
0.5,0.5,0.5256871
2.1,2.0999999999999965,2.0255525
4.6,4.600000000000008,4.0858383
3.5,3.5,3.9438684
1.6,1.5999999999999974,1.5632161
4.7,4.699999999999992,4.4858904
-200.0,-200.0,-197.4633
1.1,1.099999999999997,0.3706021
-200.0,-200.0,-199.90015
4.8,4.800000000000008,3.3402107
0.5,0.5,0.9637057
2.0,2.0,2.2068017
0.6,0.6000000000000003,0.8891592
3.8,3.800000000000007,3.4715087
5.8,5.800000000000001,4.7752404
1.6,1.5999999999999972,2.2731137
-200.0,-200.0,-200.94313
0.9,0.9000000000000017,1.1014351
0.9,0.9000000000000017,1.6763014
1.7,1.699999999999997,2.4902892
-200.0,-200.0,-202.1169
0.9,0.9000000000000017,1.1373537
1.1,1.099999999999997,1.2204343
-200.0,-200.0,-200.1923
1.6,1.5999999999999974,0.8035483
-200.0,-200.0,-200.38092
3.3,3.300000000000007,3.0411289
1.1,1.099999999999997,1.3313022
2.3,2.3000000000000056,2.2676141
6.7,6.700000000000004,5.0123453
5.5,5.5,5.1948166
2.2,2.1999999999999953,2.2692451
-200.0,-200.0,-200.8792
1.9,1.900000000000004,1.4511768
0.9,0.9000000000000017,1.2954758
4.7,4.699999999999992,3.573729
3.4,3.3999999999999977,2.9506996
-200.0,-200.0,-199.59857
4.0,4.0,3.0786488
-200.0,-200.0,-202.12221
2.5,2.5,2.248689
0.6,0.6000000000000003,1.547443
0.5,0.5,0.7102198
-200.0,-200.0,-200.58954
1.3,1.2999999999999992,0.82803476
0.8,0.7999999999999985,0.73501927
2.2,2.1999999999999953,2.7701976
1.2,1.2000000000000017,1.5670246
4.2,4.199999999999992,4.2478333
2.2,2.1999999999999953,1.594837
2.0,2.0,2.705464
0.3,0.30000000000000054,0.5583583
1.7,1.6999999999999968,1.269334
0.2,0.19999999999999965,0.5098399
3.5,3.5,2.3464394
-200.0,-200.0,-201.01144
1.4,1.4000000000000028,2.8686512
2.7,2.6999999999999944,2.819778
-200.0,-200.0,-199.668
0.8,0.7999999999999985,0.5850198
1.5,1.5,1.2185199
1.1,1.099999999999997,0.5961872
1.8,1.800000000000003,2.0696518
0.6,0.6000000000000003,1.6309122
2.0,2.0,1.5997943
0.5,0.5,0.82360756
0.7,0.7000000000000017,0.90082955
1.1,1.099999999999997,1.2434684
-200.0,-200.0,-199.83557
-200.0,-200.0,-199.48035
1.8,1.800000000000003,1.9438419
0.7,0.7000000000000014,0.6155242
2.0,2.0,2.3062358
1.3,1.2999999999999992,1.4073927
2.1,2.0999999999999965,1.9513735
-200.0,-200.0,-201.04698
4.1,4.100000000000006,4.374984
1.2,1.2000000000000017,1.2548153
1.3,1.2999999999999992,0.6509905
-200.0,-200.0,-202.105
-200.0,-200.0,-199.0302
1.0,1.0,1.4373653
1.1,1.099999999999997,1.6380061
0.4,0.39999999999999925,0.8425385
1.2,1.2000000000000017,0.785454
2.3,2.3000000000000056,2.2714288
3.2,3.1999999999999944,2.4189699
3.5,3.5,2.436605
1.8,1.800000000000003,1.9416466
2.5,2.5,2.6580334
0.5,0.5,0.67305833
1.0,1.0,0.9685926
1.0,1.0,0.8908253
2.7,2.6999999999999944,1.6472422
1.8,1.800000000000003,1.233857
-200.0,-200.0,-199.62723
2.9,2.9000000000000017,3.4487076
3.0,3.0,3.520451
0.8,0.7999999999999985,0.67303175
1.3,1.2999999999999992,1.3857324
1.8,1.800000000000003,0.9499219
0.7,0.7000000000000017,0.5452913
-200.0,-200.0,-197.83424
2.6,2.5999999999999965,2.4808242
-200.0,-200.0,-200.61177
1.7,1.6999999999999968,2.1056163
2.1,2.0999999999999965,2.4837043
8.3,8.41399999999999,6.117236
2.5,2.5,2.3170862
1.2,1.2000000000000017,0.80234313
1.9,1.900000000000004,2.3329751
1.0,1.0,0.6855844
-200.0,-200.0,-201.00948
1.8,1.800000000000003,1.3540198
1.9,1.900000000000004,2.4270513
2.3,2.3000000000000056,1.9939702
0.7,0.7000000000000015,0.71180725
0.6,0.6000000000000003,0.531635
0.9,0.9000000000000017,0.79168665
5.0,5.0,4.889883
3.2,3.1999999999999944,2.977686
-200.0,-200.0,-199.83202
0.6,0.6000000000000003,0.67633647
2.0,2.0,1.9656184
3.6,3.600000000000003,3.8575673
3.5,3.5,3.1447828
0.4,0.39999999999999925,0.61126953
3.7,3.699999999999993,3.0183933
4.2,4.199999999999992,4.5666914
2.2,2.1999999999999953,1.5882815
-200.0,-200.0,-200.71507
1.2,1.2000000000000017,1.6653666
1.9,1.9000000000000035,2.034851
2.3,2.3000000000000056,1.9690304
3.4,3.3999999999999977,3.018081
1.0,1.0,1.7496921
3.5,3.5,2.811909
2.8,2.800000000000006,2.3362927
4.2,4.199999999999992,4.4432592
1.3,1.2999999999999992,1.2448332
5.3,5.300000000000006,5.115839
1.4,1.4000000000000028,0.89614743
-200.0,-200.0,-198.58755
0.6,0.6000000000000003,0.48924357
2.5,2.5,3.101327
2.7,2.6999999999999944,1.9902363
3.6,3.600000000000003,2.9104009
0.3,0.30000000000000054,0.9593919
-200.0,-200.0,-200.5047
-200.0,-200.0,-199.67564
1.4,1.400000000000003,1.0377619
5.5,5.5,4.885712
2.9,2.9000000000000012,0.9998104
1.4,1.400000000000003,1.2978783
5.9,5.89999999999999,3.9727669
-200.0,-200.0,-199.91536
1.3,1.2999999999999992,1.2964964
1.2,1.2000000000000017,1.7361921
3.5,3.5,3.0473707
4.5,4.5,5.010177
2.3,2.3000000000000056,2.0278316
1.2,1.2000000000000017,1.0118937
2.4,2.400000000000004,2.4904296
-200.0,-200.0,-200.24821
2.3,2.3000000000000056,2.26031
2.5,2.5,2.3913
1.4,1.400000000000003,1.2616898
3.9,3.899999999999995,3.1083074
2.3,2.3000000000000056,1.7882696
1.5,1.5,0.85445017
4.3,4.300000000000008,3.687933
2.7,2.6999999999999944,2.672031
1.0,1.0,0.6594652
1.1,1.099999999999997,0.9234596
-200.0,-200.0,-199.56535
0.5,0.5,1.7019466
1.5,1.5,1.7128416
3.8,3.800000000000007,3.7597954
-200.0,-200.0,-199.7409
2.1,2.0999999999999965,2.2162576
2.1,2.0999999999999965,2.3026807
0.6,0.6000000000000003,1.269367
1.7,1.699999999999997,3.0854847
4.2,4.199999999999992,2.0593681
0.8,0.7999999999999985,0.9840732
-200.0,-200.0,-200.1042
3.3,3.300000000000007,1.9383996
6.7,6.7020000000000035,6.4270377
1.3,1.2999999999999992,0.6552345
1.9,1.9000000000000037,2.239753
1.4,1.4000000000000028,0.7704383
0.6,0.6000000000000003,0.6441819
0.5,0.5,0.9249682
1.0,1.0,1.7956694
5.5,5.5,4.4569955
1.5,1.5,1.8957511
2.0,2.0,1.6123973
0.7,0.7000000000000015,0.7892109
1.0,1.0,0.7220627
1.3,1.2999999999999992,0.7864333
-200.0,-200.0,-199.33398
4.0,4.0,2.4776065
5.5,5.5,4.21856
2.9,2.9000000000000017,2.799466
2.0,2.0,1.9872396
2.6,2.5999999999999965,2.0050974
-200.0,-200.0,-200.57637
1.4,1.4000000000000028,1.1574126
1.5,1.5,1.9053632
7.6,7.502999999999998,7.1798368
1.3,1.2999999999999992,0.88394743
5.4,5.39999999999999,4.7669826
0.6,0.6000000000000003,0.78695524
0.6,0.6000000000000003,0.7131988
4.5,4.5,3.087152
2.1,2.0999999999999965,1.9784274
3.0,3.0,3.073368
0.5,0.5,0.774211
-200.0,-200.0,-201.22179
6.6,6.602000000000012,5.906738
3.7,3.699999999999993,3.4064343
2.8,2.800000000000006,3.0863862
-200.0,-200.0,-200.65685
1.7,1.699999999999997,1.5912547
0.9,0.9000000000000017,1.2947634
2.0,2.0,1.7151998
2.2,2.1999999999999953,2.5148597
1.9,1.9000000000000035,1.5868057
1.4,1.400000000000003,1.8084494
2.5,2.5,2.3298347
1.4,1.400000000000003,1.3767133
0.7,0.7000000000000017,0.8576882
1.3,1.2999999999999992,1.5294478
3.4,3.3999999999999977,3.3653624
2.4,2.400000000000004,1.6495944
3.0,3.0,3.0542002
3.4,3.3999999999999977,2.8291547
1.9,1.900000000000004,2.2169561
0.9,0.9000000000000017,1.8327262
1.5,1.5,1.6484765
0.5,0.5,0.40504256
1.8,1.800000000000003,1.2730854
3.8,3.800000000000007,3.9677963
3.2,3.1999999999999944,2.7651944
2.4,2.400000000000004,2.5184288
1.7,1.6999999999999968,1.9638746
3.3,3.300000000000007,3.3692276
2.5,2.5,2.1173942
-200.0,-200.0,-200.24269
2.3,2.3000000000000056,1.9949627
0.8,0.7999999999999985,0.9348006
-200.0,-200.0,-199.75656
2.0,2.0,1.6627244
1.9,1.9000000000000037,0.91302997
2.9,2.9000000000000012,2.8695197
1.2,1.2000000000000017,1.8944392
2.9,2.9000000000000017,2.870816
4.1,4.100000000000006,3.1406121
1.0,1.0,0.5972877
5.6,5.60000000000001,3.4783087
6.7,6.705000000000004,5.5064
1.6,1.5999999999999972,1.542347
2.1,2.0999999999999965,2.6073213
1.0,1.0,0.8571683
3.2,3.1999999999999944,3.9131265
2.8,2.800000000000006,3.038682
0.6,0.6000000000000003,0.78401953
1.7,1.6999999999999968,1.5134759
-200.0,-200.0,-201.08377
1.6,1.5999999999999974,1.9008217
1.0,1.0,1.8085992
2.0,2.0,1.8502415
3.3,3.300000000000007,3.635658
1.0,1.0,1.0330664
1.5,1.5,0.88822955
5.7,5.6999999999999975,5.1597166
1.8,1.800000000000003,1.8462954
2.2,2.1999999999999953,2.5650153
1.8,1.800000000000003,1.4703032
0.7,0.7000000000000017,0.77979696
3.1,3.1000000000000005,3.6232216
-200.0,-200.0,-199.1671
2.3,2.3000000000000056,2.1329374
-200.0,-200.0,-201.34483
2.1,2.0999999999999965,2.088091
0.9,0.9000000000000017,0.85593694
1.9,1.900000000000004,1.8850689
-200.0,-200.0,-200.37651
2.9,2.9000000000000017,2.6110673
2.6,2.5999999999999965,2.6804278
2.3,2.3000000000000056,2.6895506
-200.0,-200.0,-200.01143
0.4,0.39999999999999925,0.6806724
2.1,2.0999999999999965,1.6698376
4.7,4.699999999999992,3.8836458
0.9,0.9000000000000017,1.8193474
2.5,2.5,2.281773
0.9,0.9000000000000017,0.9444161
1.7,1.6999999999999968,1.608483
2.5,2.5,2.5431652
4.8,4.800000000000008,3.9874
2.6,2.5999999999999965,1.3869187
1.2,1.2000000000000017,0.95468223
1.5,1.5,1.0039768
5.4,5.39999999999999,5.2385993
2.1,2.0999999999999965,2.4340415
-200.0,-200.0,-199.9386
-200.0,-200.0,-200.0051
2.1,2.0999999999999965,1.7133958
-200.0,-200.0,-200.11949
3.1,3.1000000000000005,3.6148562
0.6,0.6000000000000003,0.82879937
1.3,1.2999999999999992,0.535068
1.4,1.4000000000000028,0.8333509
1.3,1.2999999999999992,1.2490728
0.8,0.7999999999999985,0.792012
0.7,0.7000000000000015,1.1955901
5.6,5.60000000000001,4.4850464
5.3,5.300000000000006,3.974996
0.4,0.39999999999999925,0.45595986
2.2,2.1999999999999953,2.6445773
2.6,2.5999999999999965,2.6528134
1.6,1.5999999999999972,1.715974
2.8,2.800000000000006,1.3964999
-200.0,-200.0,-200.90952
1.9,1.900000000000004,1.686668
2.2,2.1999999999999957,1.31859
0.4,0.39999999999999925,0.73149616
0.8,0.7999999999999985,0.6590253
1.6,1.5999999999999972,1.433361
1.4,1.400000000000003,1.0801061
-200.0,-200.0,-203.92883
2.9,2.9000000000000012,0.95160604
2.5,2.5,2.6049979
-200.0,-200.0,-200.56609
3.1,3.1000000000000005,3.3495286
2.5,2.5,2.222433
4.9,4.8999999999999915,4.0789332
3.7,3.699999999999994,3.137577
2.6,2.5999999999999965,2.101468
-200.0,-200.0,-200.21512
1.4,1.400000000000003,1.7494638
0.7,0.7000000000000015,0.8952089
0.9,0.9000000000000017,0.8305389
1.0,1.0,0.9129773
1.0,1.0,0.75896066
7.3,7.291999999999996,7.0098786
-200.0,-200.0,-200.95308
1.2,1.2000000000000017,1.0296398
2.6,2.5999999999999965,1.7586784
5.6,5.60000000000001,5.300104
5.1,5.100000000000009,4.3705835
3.6,3.600000000000003,2.9553418
6.2,6.200000000000001,6.5909495
5.0,5.0,4.4582725
2.3,2.3000000000000056,2.3837166
-200.0,-200.0,-201.04143
-200.0,-200.0,-201.22118
1.1,1.099999999999997,1.3528558
1.2,1.2000000000000017,1.8219285
0.8,0.7999999999999985,0.60521775
-200.0,-200.0,-200.30109
3.2,3.1999999999999944,2.7922225
-200.0,-200.0,-200.25758
3.5,3.5,3.1381867
0.2,0.19999999999999965,1.5472941
1.8,1.800000000000003,1.545808
1.5,1.5,1.7478483
6.0,6.003000000000001,3.8522596
2.9,2.9000000000000012,2.9149537
-200.0,-200.0,-201.01225
3.9,3.899999999999995,3.398825
1.0,1.0,1.9258456
1.9,1.900000000000004,2.28214
1.5,1.5,1.2450714
1.1,1.099999999999997,1.0199897
1.4,1.4000000000000028,1.1670672
1.7,1.6999999999999968,1.8252046
3.4,3.3999999999999977,3.150307
3.3,3.300000000000007,2.8751585
2.2,2.1999999999999953,2.1028333
2.0,2.0,1.7644696
2.4,2.400000000000004,2.7845888
2.7,2.6999999999999944,2.0845656
3.4,3.3999999999999977,2.7657714
2.6,2.5999999999999965,2.344408
2.1,2.0999999999999965,1.9795904
3.7,3.699999999999994,3.5681849
0.5,0.5,0.55819434
0.2,0.19999999999999965,0.89030355
1.7,1.699999999999997,0.64933586
4.2,4.199999999999992,4.110337
1.7,1.6999999999999968,1.5239626
1.5,1.5,2.84668
1.0,1.0,0.6113608
0.4,0.39999999999999925,0.69550043
3.0,3.0,3.1556356
1.7,1.6999999999999968,1.3667945
0.6,0.6000000000000003,0.42988738
2.1,2.0999999999999965,1.8810128
4.5,4.5,4.4130263
-200.0,-200.0,-200.07948
-200.0,-200.0,-200.92923
2.6,2.5999999999999965,2.1935577
5.8,5.800000000000001,4.838674
5.7,5.6999999999999975,5.5376983
0.6,0.6000000000000003,0.6409533
0.9,0.9000000000000017,0.800203
0.3,0.30000000000000054,1.0880492
-200.0,-200.0,-200.64088
0.9,0.9000000000000017,0.5761078
-200.0,-200.0,-199.49342
2.8,2.800000000000006,3.2649283
0.6,0.6000000000000004,0.62771964
0.5,0.5,1.8112351
3.5,3.5,2.5604417
-200.0,-200.0,-199.94301
1.5,1.5,1.1211432
0.8,0.7999999999999985,1.679334
1.7,1.699999999999997,1.5433178
0.1,0.09999999999999983,0.33270875
1.8,1.800000000000003,2.1632366
4.5,4.5,3.212575
2.1,2.0999999999999965,2.233807
2.7,2.6999999999999944,2.3277617
-200.0,-200.0,-199.579
-200.0,-200.0,-201.40283
1.2,1.2000000000000017,1.1510737
0.4,0.39999999999999925,0.5551396
2.4,2.400000000000004,3.2316444
-200.0,-200.0,-198.08788
0.7,0.7000000000000017,1.0044676
-200.0,-200.0,-200.5446
-200.0,-200.0,-199.90138
1.4,1.4000000000000028,2.401954
1.8,1.800000000000003,1.2917643
1.2,1.2000000000000017,1.0916231
1.0,1.0,2.0638196
2.0,2.0,2.1268816
2.8,2.800000000000006,2.536913
-200.0,-200.0,-200.87065
3.1,3.1000000000000005,3.0430324
-200.0,-200.0,-199.50363
0.9,0.9000000000000017,0.54537773
2.3,2.300000000000005,2.1175616
0.3,0.30000000000000054,0.60775596
1.1,1.099999999999997,1.2472931
4.1,4.100000000000006,3.1490612
1.3,1.2999999999999992,0.6731115
2.2,2.1999999999999953,2.1527457
3.9,3.899999999999995,2.8130617
3.0,3.0,2.0920029
0.7,0.7000000000000015,0.35458925
-200.0,-200.0,-201.03712
2.4,2.400000000000004,1.2434223
6.2,6.202000000000001,4.945584
4.7,4.699999999999992,3.2123733
1.7,1.6999999999999968,1.8218594
1.0,1.0,2.3421998
0.3,0.30000000000000054,0.59395933
0.9,0.9000000000000017,0.6362324
1.1,1.099999999999997,1.296142
5.1,5.100000000000009,4.681344
2.4,2.400000000000004,2.1235056
3.3,3.300000000000007,3.4244392
0.8,0.7999999999999985,1.4921788
3.3,3.300000000000007,3.1707165
0.7,0.7000000000000017,0.68376225
5.1,5.100000000000009,4.733418
1.5,1.5,1.9392439
1.6,1.5999999999999972,1.2781721
0.6,0.6000000000000003,0.5641129
6.2,6.200000000000001,5.5929875
-200.0,-200.0,-191.89917
1.2,1.2000000000000017,1.3705812
3.3,3.300000000000007,3.3785102
1.3,1.2999999999999992,0.41103107
0.3,0.30000000000000054,1.1105942
1.1,1.099999999999997,0.8225771
1.7,1.6999999999999968,2.2976162
1.3,1.2999999999999992,0.9160353
2.0,2.0,1.615558
2.6,2.5999999999999965,2.9451752
0.6,0.6000000000000003,0.8731041
1.6,1.5999999999999972,1.371664
0.5,0.5,0.7370291
2.9,2.9000000000000017,2.8095915
0.4,0.3999999999999993,0.7191892
1.1,1.099999999999997,1.3066068
2.1,2.0999999999999965,2.1983047
1.6,1.5999999999999974,1.5437118
2.2,2.1999999999999953,1.4429737
2.4,2.400000000000004,2.229154
-200.0,-200.0,-201.12206
1.5,1.5,1.251133
1.5,1.5,1.295472
-200.0,-200.0,-200.8302
1.0,1.0,0.7874276
1.5,1.5,1.4087297
1.2,1.2000000000000017,1.2985748
1.4,1.4000000000000028,0.923136
1.8,1.800000000000003,1.578689
0.9,0.9000000000000017,0.5221477
0.9,0.9000000000000017,1.0391634
1.4,1.400000000000003,1.8214523
2.1,2.0999999999999965,2.9844875
4.0,4.0,2.8761961
0.9,0.9000000000000017,1.118121
-200.0,-200.0,-200.54353
-200.0,-200.0,-200.37044
-200.0,-200.0,-200.57428
2.6,2.5999999999999965,3.0419638
0.6,0.6000000000000003,0.96899575
-200.0,-200.0,-199.70123
3.4,3.3999999999999977,3.264104
-200.0,-200.0,-200.4219
1.9,1.9000000000000037,2.5416179
0.2,0.19999999999999965,0.8639054
1.5,1.5,0.6089355
4.0,4.0,2.1418905
4.3,4.300000000000008,3.5846984
-200.0,-200.0,-200.45709
2.8,2.800000000000006,2.444715
1.1,1.099999999999997,1.1986452
1.3,1.2999999999999992,0.8604277
5.0,5.0,4.260083
-200.0,-200.0,-200.1382
1.5,1.5,1.3087767
5.2,5.199999999999993,3.7247014
1.0,1.0,1.0863463
1.3,1.2999999999999992,0.95455825
1.0,1.0,3.5424585
1.3,1.2999999999999992,1.5039855
1.5,1.5,1.2185998
-200.0,-200.0,-200.03009
5.9,5.89999999999999,3.8527572
1.8,1.800000000000003,1.720077
1.4,1.400000000000003,1.0411644
6.2,6.203,4.9944596
0.8,0.7999999999999985,0.66275126
0.5,0.5,0.59765023
1.4,1.400000000000003,1.5311607
0.9,0.9000000000000017,1.832447
1.5,1.5,2.2739081
1.6,1.5999999999999974,1.1354855
1.7,1.699999999999997,2.0296402
3.2,3.1999999999999944,3.5125163
4.6,4.600000000000008,4.556055
2.2,2.1999999999999953,2.4679716
1.5,1.5,1.6958839
3.7,3.699999999999993,3.289896
3.7,3.699999999999994,1.2641954
-200.0,-200.0,-199.84337
1.2,1.2000000000000017,1.0608163
1.1,1.099999999999997,0.7930162
0.6,0.6000000000000003,0.74057
-200.0,-200.0,-198.68939
1.7,1.6999999999999968,1.4800231
-200.0,-200.0,-201.44577
1.9,1.9000000000000037,1.7172192
1.5,1.5,1.2450714
1.9,1.9000000000000037,2.607556
0.5,0.5,0.6301118
1.2,1.2000000000000017,0.94462854
0.9,0.9000000000000017,0.7238697
0.2,0.19999999999999965,0.75236857
1.1,1.099999999999997,0.79022276
2.4,2.400000000000004,0.9085805
1.1,1.099999999999997,0.95764524
-200.0,-200.0,-200.65623
0.3,0.30000000000000054,0.8511339
2.8,2.800000000000006,2.7897363
2.3,2.3000000000000056,1.544299
1.9,1.900000000000004,1.8909307
0.3,0.30000000000000054,1.1447023
4.9,4.8999999999999915,4.8733253
1.0,1.0,0.6953655
2.2,2.1999999999999957,1.5886235
1.5,1.5,1.4189751
3.2,3.1999999999999944,2.6065366
1.4,1.4000000000000028,1.9009612
-200.0,-200.0,-200.1435
1.8,1.800000000000003,2.1959598
2.4,2.400000000000004,2.825596
1.4,1.400000000000003,1.1085
1.9,1.9000000000000037,2.1989415
1.1,1.099999999999997,1.874716
3.1,3.1000000000000005,3.543946
0.5,0.5,0.57221645
1.4,1.4000000000000028,1.0377148
-200.0,-200.0,-201.35497
0.8,0.7999999999999985,0.65112776
-200.0,-200.0,-204.0036
4.6,4.600000000000008,3.760709
1.5,1.5,1.5143639
0.6,0.6000000000000003,0.75236106
1.1,1.099999999999997,1.1918353
2.4,2.400000000000004,1.7270175
2.2,2.1999999999999953,1.977576
1.4,1.400000000000003,1.2969675
1.5,1.5,1.5812037
2.7,2.6999999999999944,2.5873225
-200.0,-200.0,-197.93068
-200.0,-200.0,-200.53905
1.7,1.699999999999997,2.5390182
-200.0,-200.0,-199.41405
-200.0,-200.0,-199.72705
2.4,2.400000000000004,2.0598238
1.3,1.2999999999999992,0.8020428
0.8,0.7999999999999985,0.46663094
1.2,1.200000000000002,1.834921
1.6,1.5999999999999972,1.0842608
2.2,2.1999999999999957,2.1052787
0.8,0.7999999999999985,0.6825413
1.5,1.5,1.2450714
1.6,1.5999999999999972,2.0414388
1.7,1.699999999999997,1.0540593
0.6,0.6000000000000003,1.1636153
1.7,1.6999999999999968,1.8855042
-200.0,-200.0,-200.01682
4.0,4.0,3.112968
1.3,1.2999999999999992,0.9583887
3.0,3.0,3.1511958
1.8,1.800000000000003,1.6268568
1.8,1.800000000000003,0.9366405
1.6,1.5999999999999974,0.58599424
3.4,3.3999999999999977,3.7237256
3.1,3.1000000000000005,3.1448555
2.2,2.1999999999999953,1.9247274
1.8,1.800000000000003,0.84335524
-200.0,-200.0,-200.75607
4.3,4.300000000000008,3.8877828
0.6,0.6000000000000003,0.7736069
3.7,3.699999999999994,3.7830331
2.7,2.6999999999999944,3.0667708
-200.0,-200.0,-199.54556
1.6,1.5999999999999972,2.2234979
1.1,1.099999999999997,0.90754235
-200.0,-200.0,-199.59158
0.5,0.5,0.63145673
0.5,0.5,0.67140836
1.5,1.5,1.2450714
2.2,2.1999999999999953,2.035556
2.7,2.6999999999999944,2.7907348
4.8,4.800000000000008,3.351598
1.4,1.4000000000000028,0.7655378
4.0,4.0,4.569196
1.5,1.5,1.2450714
1.5,1.5,1.2450714
4.4,4.399999999999993,4.175663
-200.0,-200.0,-200.73735
5.3,5.300000000000006,3.962321
1.0,1.0,0.5265662
1.1,1.099999999999997,1.3248574
2.9,2.9000000000000017,2.6344268
-200.0,-200.0,-201.05257
1.0,1.0,0.84488213
-200.0,-200.0,-199.92651
3.2,3.1999999999999944,2.4018326
0.5,0.5,0.79692215
1.2,1.2000000000000017,1.7500982
0.6,0.6000000000000003,0.7862625
1.0,1.0,0.72674537
2.6,2.5999999999999965,2.3821187
2.3,2.3000000000000056,2.081377
1.3,1.2999999999999992,1.0057725
5.0,5.0,4.3479314
1.8,1.800000000000003,2.3700156
3.6,3.600000000000003,3.4882143
-200.0,-200.0,-204.0036
0.8,0.7999999999999985,1.1017187
1.7,1.6999999999999968,1.4026531
2.2,2.1999999999999953,1.1918184
2.7,2.6999999999999944,3.3720548
4.6,4.600000000000008,4.4046736
3.1,3.1000000000000005,3.9076543
1.8,1.800000000000003,2.0129473
0.8,0.7999999999999985,0.7669185
0.5,0.5,0.92194676
-200.0,-200.0,-199.8907
1.4,1.400000000000003,1.4862447
-200.0,-200.0,-200.58913
0.7,0.7000000000000015,0.84329844
1.8,1.800000000000003,2.5907078
1.3,1.2999999999999992,2.2150288
1.1,1.099999999999997,0.7583974
2.9,2.9000000000000012,3.0656073
-200.0,-200.0,-203.96162
1.5,1.5,1.2450714
0.5,0.5,0.5821197
2.2,2.1999999999999953,1.544697
3.7,3.699999999999993,4.3912597
1.1,1.099999999999997,0.86748135
0.8,0.7999999999999985,1.7245553
1.7,1.699999999999997,0.9913878
1.3,1.2999999999999992,1.2169367
3.3,3.300000000000007,2.626813
1.7,1.699999999999997,1.6781609
1.7,1.6999999999999968,2.0197284
2.3,2.3000000000000056,2.1620977
-200.0,-200.0,-201.2306
0.2,0.19999999999999965,0.78038794
-200.0,-200.0,-198.79932
7.7,7.7769999999999975,6.580349
1.1,1.099999999999997,2.063319
2.7,2.6999999999999944,2.2522933
1.0,1.0,0.62881213
0.5,0.5,0.71466553
2.5,2.5,2.2059624
0.7,0.7000000000000017,0.83501494
-200.0,-200.0,-199.54549
-200.0,-200.0,-199.54498
0.8,0.7999999999999985,0.80002046
1.2,1.200000000000002,0.4461419
1.2,1.2000000000000017,0.69464016
1.9,1.900000000000004,2.0711942
0.9,0.9000000000000017,0.8813089
-200.0,-200.0,-198.41074
0.7,0.7000000000000017,0.76923406
1.0,1.0,0.86363167
-200.0,-200.0,-197.76294
1.5,1.5,1.195785
7.7,7.729000000000003,6.468734
1.4,1.400000000000003,1.9362462
-200.0,-200.0,-203.31749
3.6,3.600000000000003,2.8167152
2.1,2.0999999999999965,1.9113853
1.5,1.5,2.2943735
-200.0,-200.0,-200.47104
1.7,1.699999999999997,1.8342004
1.0,1.0,0.7496923
2.2,2.1999999999999953,2.3622997
1.6,1.5999999999999972,1.8405293
0.6,0.6000000000000004,1.0795913
-200.0,-200.0,-199.63206
-200.0,-200.0,-199.70451
2.7,2.6999999999999944,2.8274415
0.4,0.39999999999999925,1.2098985
-200.0,-200.0,-200.58473
0.2,0.19999999999999965,1.1489547
-200.0,-200.0,-198.95851
3.3,3.300000000000007,2.2966743
5.0,5.0,6.013975
1.8,1.800000000000003,1.6502317
1.9,1.900000000000004,1.472893
8.7,8.676000000000007,7.86746
4.4,4.399999999999993,4.989754
-200.0,-200.0,-198.4866
-200.0,-200.0,-199.8742
2.5,2.5,2.027426
1.4,1.400000000000003,1.5918381
2.0,2.0,2.3235652
0.9,0.9000000000000017,0.90112966
1.3,1.2999999999999992,0.9860073
2.4,2.400000000000004,2.1331072
-200.0,-200.0,-200.62575
5.6,5.60000000000001,3.0588357
3.7,3.699999999999993,2.90676
0.5,0.5,0.57292426
1.6,1.5999999999999972,2.1403177
3.4,3.3999999999999977,3.418831
3.4,3.3999999999999977,2.4017208
3.0,3.0,2.7344742
3.7,3.699999999999993,3.954029
2.2,2.1999999999999953,2.521133
0.6,0.6000000000000003,0.5733694
-200.0,-200.0,-199.54146
0.1,0.09999999999999983,0.5806633
1.6,1.5999999999999972,4.396528
1.6,1.5999999999999972,1.3689573
0.5,0.5,0.59879595
2.0,2.0,1.7566472
1.4,1.400000000000003,0.92080665
2.2,2.1999999999999957,1.2361665
0.9,0.9000000000000017,0.92566663
0.8,0.7999999999999985,0.34534934
0.8,0.7999999999999985,1.4275141
1.7,1.6999999999999968,1.9083433
-200.0,-200.0,-200.8928
1.5,1.5,1.9508536
-200.0,-200.0,-198.03078
2.5,2.5,2.3292289
1.2,1.2000000000000017,1.1489738
-200.0,-200.0,-200.0457
2.5,2.5,2.1727574
-200.0,-200.0,-200.17899
2.7,2.6999999999999944,1.8687105
2.3,2.3000000000000056,2.0628815
-200.0,-200.0,-200.01039
4.9,4.8999999999999915,3.458767
2.0,2.0,1.9157065
0.7,0.7000000000000015,0.47440326
1.7,1.699999999999997,2.0510345
1.4,1.400000000000003,1.2717432
0.9,0.9000000000000017,0.62859005
2.1,2.0999999999999965,1.736461
2.1,2.0999999999999965,1.7670671
2.6,2.5999999999999965,2.6026597
-200.0,-200.0,-200.76929
0.3,0.30000000000000054,1.0648128
3.9,3.899999999999995,3.7033694
1.6,1.5999999999999972,1.0625564
2.4,2.400000000000004,1.8211373
1.5,1.5,3.9384592
0.3,0.30000000000000054,1.1331278
-200.0,-200.0,-197.60977
2.1,2.0999999999999965,2.741033
2.4,2.400000000000004,2.760669
1.8,1.800000000000003,1.9204854
2.0,2.0,2.2445354
1.1,1.099999999999997,1.6372658
1.0,1.0,0.9112439
4.8,4.800000000000008,3.9399645
3.2,3.1999999999999944,2.6708162
-200.0,-200.0,-201.34964
2.1,2.0999999999999965,2.136845
1.8,1.800000000000003,1.1084396
0.9,0.9000000000000017,1.3409609
4.1,4.100000000000006,4.054081
1.4,1.400000000000003,1.1431049
1.5,1.5,1.2450714
-200.0,-200.0,-200.24336
-200.0,-200.0,-199.65709
-200.0,-200.0,-200.58696
0.8,0.7999999999999985,0.6894156
0.9,0.9000000000000017,0.7970362
-200.0,-200.0,-202.70326
0.2,0.19999999999999965,1.0478177
2.4,2.400000000000004,2.2951384
5.0,5.0,3.6219404
5.5,5.5,5.4442697
2.7,2.6999999999999944,2.9346898
1.2,1.2000000000000017,1.9635191
1.4,1.400000000000003,1.4133072
1.5,1.5,0.9791505
2.6,2.5999999999999965,2.3348181
-200.0,-200.0,-200.49234
-200.0,-200.0,-199.97646
1.0,1.0,0.9582375
0.8,0.7999999999999985,0.6389811
0.4,0.39999999999999925,1.448349
4.8,4.800000000000008,4.04395
1.2,1.2000000000000017,0.68821937
1.3,1.2999999999999992,1.7373438
3.5,3.5,2.6827762
1.3,1.2999999999999992,1.4224524
1.3,1.2999999999999992,0.84810305
1.7,1.6999999999999968,2.118165
3.0,3.0,2.914573
1.6,1.5999999999999972,1.88906
3.6,3.600000000000003,2.8129067
1.5,1.5,1.8058474
1.2,1.2000000000000017,0.8774398
2.4,2.400000000000004,2.0750833
1.5,1.5,1.2450714
10.1,10.126000000000007,8.860037
2.0,2.0,2.5719097
0.7,0.7000000000000015,0.8244982
2.4,2.400000000000004,2.5528877
0.3,0.30000000000000054,0.776576
1.9,1.900000000000004,2.225551
1.0,1.0,0.93877727
0.3,0.30000000000000054,0.6733844
0.9,0.9000000000000017,0.8671668
0.8,0.7999999999999985,0.63066673
1.3,1.2999999999999992,1.0205382
1.6,1.5999999999999972,1.088108
0.2,0.19999999999999965,1.5314502
1.0,1.0,0.93015355
3.3,3.300000000000007,3.2234235
1.9,1.9000000000000037,1.8104999
0.3,0.30000000000000054,1.2406924
1.1,1.099999999999997,1.937682
1.2,1.2000000000000017,1.7186801
0.6,0.6000000000000003,0.34195065
2.8,2.800000000000006,2.7086046
3.1,3.1000000000000005,3.177641
2.3,2.3000000000000056,1.9498581
1.5,1.5,1.6439533
-200.0,-200.0,-201.10562
3.5,3.5,5.441268
4.1,4.100000000000006,3.8004277
2.7,2.6999999999999944,2.9558794
2.7,2.6999999999999944,2.7253413
2.6,2.5999999999999965,2.2901716
1.3,1.2999999999999992,1.4583164
1.2,1.2000000000000017,0.93386805
1.3,1.2999999999999992,0.9816596
0.5,0.5,0.6928864
1.4,1.400000000000003,1.4469088
-200.0,-200.0,-193.86194
-200.0,-200.0,-200.78456
1.0,1.0,1.7352116
-200.0,-200.0,-200.10887
-200.0,-200.0,-199.5606
-200.0,-200.0,-201.11955
-200.0,-200.0,-200.30011
1.6,1.5999999999999974,0.7531572
-200.0,-200.0,-199.8806
2.2,2.1999999999999953,2.2359707
1.6,1.5999999999999974,1.4324276
-200.0,-200.0,-200.24582
4.8,4.800000000000008,4.053109
-200.0,-200.0,-199.54118
2.7,2.6999999999999944,2.4799917
4.2,4.199999999999992,4.3880916
1.3,1.2999999999999992,1.8810276
3.0,3.0,2.5860426
2.6,2.5999999999999965,2.3693247
0.8,0.7999999999999985,0.8224096
1.2,1.2000000000000017,0.87132293
0.8,0.7999999999999985,0.72762835
1.8,1.800000000000003,1.1424545
-200.0,-200.0,-202.15518
0.5,0.5,0.66919714
0.9,0.9000000000000017,0.8790032
1.7,1.699999999999997,1.4121693
0.9,0.9000000000000017,0.767865
1.3,1.2999999999999992,0.912298
-200.0,-200.0,-200.66824
-200.0,-200.0,-201.67325
6.1,6.100000000000011,5.546164
5.9,5.89999999999999,3.932303
0.8,0.7999999999999985,1.0544907
2.2,2.1999999999999953,3.0712094
1.5,1.5,1.2450714
0.2,0.19999999999999965,1.5333393
2.5,2.5,2.023681
0.5,0.5,0.56250006
2.5,2.5,2.3391593
2.1,2.0999999999999965,1.8127949
0.8,0.7999999999999985,0.83569026
1.6,1.5999999999999972,1.60975
-200.0,-200.0,-200.63268
1.0,1.0,0.8275741
1.8,1.800000000000003,1.4816601
0.8,0.7999999999999985,1.939025
1.7,1.6999999999999968,1.4887224
1.2,1.2000000000000017,1.1227531
1.2,1.2000000000000017,0.6663045
3.1,3.1000000000000005,3.4762552
-200.0,-200.0,-200.93947
1.0,1.0,0.36104226
3.1,3.1000000000000005,2.4910946
5.6,5.60000000000001,6.058466
0.9,0.9000000000000017,0.65832263
2.0,2.0,1.8948122
1.4,1.400000000000003,2.3281188
2.9,2.9000000000000012,2.994796
-200.0,-200.0,-196.84286
2.1,2.0999999999999965,0.78549194
3.7,3.699999999999994,2.980822
-200.0,-200.0,-200.90385
3.5,3.5,3.7046216
-200.0,-200.0,-200.16614
3.1,3.1000000000000005,3.3081067
3.8,3.800000000000007,4.159826
2.3,2.3000000000000056,2.5213218
2.1,2.0999999999999965,2.0062733
2.3,2.3000000000000056,2.7004385
2.9,2.9000000000000012,1.9530591
1.1,1.099999999999997,0.86560816
6.5,6.5,5.505606
1.2,1.200000000000002,1.8398312
1.0,1.0,1.3908616
-200.0,-200.0,-199.97165
2.4,2.400000000000004,1.3888546
0.5,0.5,0.75009
1.0,1.0,0.9998005
1.2,1.2000000000000017,1.3363448
4.9,4.8999999999999915,4.0292077
1.7,1.699999999999997,1.4869558
0.2,0.19999999999999965,1.218031
-200.0,-200.0,-199.4633
-200.0,-200.0,-201.5598
-200.0,-200.0,-200.17735
4.6,4.600000000000008,4.0597067
2.2,2.1999999999999953,2.1004639
1.6,1.5999999999999972,4.065202
0.7,0.7000000000000017,0.6790162
3.8,3.800000000000007,3.6469316
4.3,4.300000000000008,3.7201085
1.6,1.5999999999999972,2.0992594
6.3,6.303999999999998,4.344125
0.9,0.9000000000000017,0.7385823
2.6,2.5999999999999965,2.6400747
4.4,4.399999999999993,3.3597152
1.3,1.2999999999999992,1.2601117
1.8,1.800000000000003,2.0176961
-200.0,-200.0,-200.65549
4.3,4.300000000000008,2.8862107
1.4,1.4000000000000028,1.5512787
0.7,0.7000000000000017,0.6680853
1.2,1.2000000000000017,0.7702722
1.4,1.4000000000000028,2.390614
2.1,2.0999999999999965,1.86137
-200.0,-200.0,-199.21559
3.9,3.899999999999995,3.904472
1.9,1.9000000000000037,0.9793115
1.5,1.5,1.2450714
3.4,3.3999999999999977,2.6561635
0.7,0.7000000000000015,0.65333104
1.5,1.5,2.02252
1.2,1.2000000000000017,0.86729705
-200.0,-200.0,-200.61667
1.7,1.699999999999997,0.87572473
0.8,0.7999999999999985,1.4595575
1.9,1.900000000000004,1.9643819
0.6,0.6000000000000003,0.5720817
3.3,3.300000000000007,2.7296891
2.2,2.1999999999999953,0.80816483
0.8,0.7999999999999985,1.1328675
-200.0,-200.0,-199.56053
1.3,1.2999999999999992,1.6816695
2.3,2.3000000000000056,2.2407827
-200.0,-200.0,-199.31754
0.5,0.5,0.5253915
2.8,2.800000000000006,2.8783135
-200.0,-200.0,-200.29353
4.9,4.8999999999999915,4.589709
2.1,2.0999999999999965,2.2625988
3.8,3.800000000000007,4.1956477
3.3,3.300000000000007,3.3400593
0.8,0.7999999999999985,0.8398307
0.5,0.5,0.72694445
3.4,3.3999999999999977,3.4022527
1.4,1.400000000000003,1.2911123
-200.0,-200.0,-201.9572
4.0,4.0,2.7999454
-200.0,-200.0,-200.31671
1.6,1.5999999999999972,1.0235841
0.7,0.7000000000000017,0.94905883
3.4,3.3999999999999977,3.5669138
3.6,3.600000000000003,3.4469016
1.0,1.0,0.4891395
2.6,2.5999999999999965,2.1047962
-200.0,-200.0,-199.61511
1.5,1.5,1.2450714
-200.0,-200.0,-200.85301
1.1,1.099999999999997,1.0357318
2.0,2.0,3.072417
1.0,1.0,0.87022454
-200.0,-200.0,-201.7214
0.5,0.5,1.2119528
1.2,1.2000000000000017,0.92641586
2.6,2.5999999999999965,2.5242012
3.0,3.0,3.1426294
1.5,1.5,1.2450714
0.7,0.7000000000000017,0.86919427
1.8,1.800000000000003,1.6350101
7.1,7.101000000000004,4.8647304
0.6,0.6000000000000003,0.9536557
1.4,1.400000000000003,1.47694
4.3,4.300000000000008,4.169511
0.4,0.39999999999999925,0.8552003
1.6,1.5999999999999974,0.91508615
3.0,3.0,2.392868
2.0,2.0,2.3222525
2.4,2.400000000000004,1.8406128
2.5,2.5,2.6954546
1.5,1.5,1.210015
0.7,0.7000000000000017,0.5864724
1.7,1.6999999999999968,1.9843955
-200.0,-200.0,-201.35727
2.2,2.1999999999999957,2.463097
-200.0,-200.0,-200.31725
0.7,0.7000000000000015,0.75153345
0.3,0.30000000000000054,0.84521693
-200.0,-200.0,-199.53127
1.9,1.900000000000004,2.4278305
-200.0,-200.0,-199.98943
-200.0,-200.0,-200.6067
0.7,0.7000000000000017,2.1476672
2.4,2.400000000000004,2.765141
3.2,3.1999999999999944,2.8696058
1.9,1.900000000000004,2.1304681
1.4,1.4000000000000028,1.6152453
1.4,1.400000000000003,1.0656693
-200.0,-200.0,-200.39351
0.5,0.5,0.6670013
1.4,1.400000000000003,2.2594523
2.7,2.6999999999999944,2.74436
1.5,1.5,1.2450714
1.0,1.0,0.73637223
-200.0,-200.0,-200.87465
2.2,2.1999999999999953,2.0505846
1.7,1.6999999999999968,1.4074608
-200.0,-200.0,-201.02003
-200.0,-200.0,-200.59862
0.4,0.39999999999999925,0.7913256
1.8,1.800000000000003,1.928806
-200.0,-200.0,-199.17415
-200.0,-200.0,-198.37982
3.6,3.600000000000003,3.4411118
-200.0,-200.0,-200.48393
1.2,1.2000000000000017,0.76422834
2.3,2.3000000000000056,2.2629604
1.2,1.2000000000000017,1.4804415
2.2,2.1999999999999953,2.2768571
2.2,2.1999999999999953,2.2800016
1.4,1.400000000000003,1.625009
0.3,0.30000000000000054,0.99356204
4.8,4.800000000000008,3.7934048
-200.0,-200.0,-200.66302
1.7,1.6999999999999968,1.3238964
2.8,2.800000000000006,2.2465196
5.8,5.800000000000001,4.708008
0.5,0.5,0.6250275
-200.0,-200.0,-200.03465
2.5,2.5,2.6783721
-200.0,-200.0,-200.81276
1.0,1.0,0.8081407
1.3,1.2999999999999992,0.98404866
3.1,3.1000000000000005,2.851366
3.4,3.3999999999999977,3.5657496
-200.0,-200.0,-200.73016
-200.0,-200.0,-201.58388
1.6,1.5999999999999972,1.2518958
-200.0,-200.0,-200.42429
4.9,4.8999999999999915,4.9745235
1.2,1.2000000000000017,0.8514337
0.5,0.5,0.622705
3.8,3.800000000000007,4.3380847
2.6,2.5999999999999965,2.4291475
1.5,1.5,1.0872927
2.4,2.400000000000004,3.399462
1.4,1.400000000000003,2.3400693
0.7,0.7000000000000014,1.8695314
4.5,4.5,4.2101665
1.1,1.099999999999997,2.4786174
0.6,0.6000000000000003,0.66942984
2.8,2.800000000000006,0.96744317
1.3,1.2999999999999992,2.359968
-200.0,-200.0,-200.88342
3.2,3.1999999999999944,3.0253031
3.1,3.1000000000000005,3.055565
-200.0,-200.0,-201.13048
0.6,0.6000000000000003,0.63091445
3.5,3.5,2.5448296
1.3,1.2999999999999992,1.0268003
1.3,1.2999999999999992,1.2744738
1.0,1.0,0.77079767
0.5,0.5,0.79768944
0.4,0.39999999999999925,0.74195266
0.9,0.9000000000000017,0.5832505
3.4,3.3999999999999977,2.2956862
1.8,1.800000000000003,2.990641
0.5,0.5,0.85628366
2.8,2.800000000000006,2.9113748
3.7,3.699999999999994,2.7116604
1.8,1.800000000000003,1.8408365
3.4,3.3999999999999977,3.2463305
-200.0,-200.0,-201.47914
2.5,2.5,1.0726438
3.7,3.699999999999994,3.678938
3.9,3.899999999999995,3.7811258
2.7,2.6999999999999944,2.7601247
2.6,2.5999999999999965,2.400083
1.0,1.0,1.085585
-200.0,-200.0,-200.92398
0.7,0.7000000000000017,0.57104653
1.1,1.099999999999997,1.1973177
-200.0,-200.0,-199.98341
2.7,2.6999999999999944,2.6226983
0.7,0.7000000000000017,0.5775508
2.6,2.5999999999999965,2.1062047
1.5,1.5,1.9370849
1.1,1.099999999999997,0.8092064
1.5,1.5,1.5094895
1.2,1.200000000000002,1.9839187
1.7,1.6999999999999968,2.3711567
1.3,1.2999999999999992,1.2951666
1.1,1.099999999999997,1.5100659
3.7,3.699999999999994,3.5107682
1.2,1.2000000000000017,0.9209777
-200.0,-200.0,-200.82329
0.8,0.7999999999999985,0.81603414
-200.0,-200.0,-199.3274
-200.0,-200.0,-198.6985
5.6,5.60000000000001,6.2769246
2.8,2.800000000000006,2.0874076
3.6,3.600000000000003,1.411222
4.5,4.5,3.4694088
3.9,3.899999999999995,2.4751394
0.6,0.6000000000000003,0.730139
-200.0,-200.0,-199.91139
-200.0,-200.0,-199.25444
3.6,3.600000000000003,3.6508155
1.5,1.5,1.7370037
2.7,2.6999999999999944,2.7621195
2.4,2.400000000000004,2.923832
3.0,3.0,2.2763927
1.1,1.099999999999997,0.56946385
7.2,7.2070000000000025,5.483094
2.2,2.1999999999999953,2.2124012
0.8,0.7999999999999985,1.0319809
3.2,3.1999999999999944,2.9279747
-200.0,-200.0,-200.5018
4.8,4.800000000000008,3.2195077
1.7,1.6999999999999968,2.5560756
2.0,2.0,1.7879971
0.8,0.7999999999999985,0.5423747
0.4,0.39999999999999925,0.7555283
0.2,0.19999999999999965,0.92881685
5.5,5.5,4.5953107
2.2,2.1999999999999953,1.5602738
1.8,1.800000000000003,1.9836221
1.6,1.5999999999999972,1.7239702
-200.0,-200.0,-201.0814
0.5,0.5,0.6534966
3.4,3.3999999999999977,3.209495
3.9,3.899999999999995,3.4212701
0.7,0.7000000000000017,0.8299599
0.5,0.5,0.7677026
0.6,0.6000000000000004,0.9651986
3.9,3.899999999999995,4.4260974
2.6,2.5999999999999965,2.831863
0.7,0.7000000000000017,0.4471854
1.5,1.5,1.2450714
-200.0,-200.0,-200.1934
1.5,1.5,2.237668
1.6,1.5999999999999972,1.0553991
1.0,1.0,0.5254589
-200.0,-200.0,-200.24489
1.4,1.400000000000003,1.5134801
1.5,1.5,1.2450714
0.8,0.7999999999999985,2.2487967
0.7,0.7000000000000015,0.62783426
3.8,3.800000000000007,2.6666572
1.0,1.0,0.9360724
0.8,0.7999999999999985,1.2865937
1.0,1.0,0.8641761
1.9,1.9000000000000037,1.456779
1.1,1.099999999999997,0.55503905
0.5,0.5,0.6161628
1.5,1.5,1.7973586
5.0,5.0,4.433755
1.5,1.5,0.9478443
6.0,6.002000000000001,4.9403048
-200.0,-200.0,-201.09897
-200.0,-200.0,-200.77841
2.2,2.1999999999999953,1.9735527
2.0,2.0,2.8028536
1.5,1.5,1.5391147
2.0,2.0,1.6903721
2.3,2.3000000000000056,2.1455197
4.5,4.5,3.9486685
4.9,4.8999999999999915,5.6706786
0.8,0.7999999999999985,0.65828896
3.6,3.600000000000003,3.773184
0.2,0.19999999999999965,0.77605593
4.3,4.300000000000008,4.4779735
3.2,3.1999999999999944,2.505262
0.6,0.6000000000000003,0.6008265
0.8,0.7999999999999985,0.39956522
0.6,0.6000000000000003,0.6645508
1.5,1.5,1.2450714
0.6,0.6000000000000003,0.7176914
3.4,3.3999999999999977,3.3565314
1.0,1.0,0.81703275
1.3,1.2999999999999992,0.72645354
3.1,3.1000000000000005,2.7137523
1.2,1.2000000000000017,1.1478373
2.3,2.3000000000000056,1.7962391
1.5,1.5,1.4471537
-200.0,-200.0,-200.81845
0.5,0.5,0.7013206
1.4,1.400000000000003,1.8497541
1.4,1.4000000000000028,0.80895716
-200.0,-200.0,-199.5083
3.2,3.1999999999999944,3.290008
0.8,0.7999999999999985,0.6903327
3.5,3.5,3.762115
1.2,1.2000000000000017,0.9603782
1.2,1.2000000000000017,0.95649374
1.4,1.400000000000003,2.550173
0.6,0.6000000000000003,1.1778778
-200.0,-200.0,-200.99419
1.6,1.5999999999999972,1.8293024
1.0,1.0,0.70816255
1.4,1.400000000000003,1.2573811
-200.0,-200.0,-199.07315
1.4,1.4000000000000028,1.9836164
1.3,1.2999999999999992,1.0344313
1.8,1.800000000000003,1.6698391
-200.0,-200.0,-199.56645
1.3,1.2999999999999992,0.80945563
1.4,1.4000000000000028,0.96899396
0.3,0.30000000000000054,2.3464506
-200.0,-200.0,-202.53569
-200.0,-200.0,-199.50742
1.0,1.0,0.45983505
2.2,2.1999999999999957,2.1259346
0.8,0.7999999999999985,1.5024027
3.4,3.3999999999999977,2.201902
0.5,0.5,0.65768164
1.0,1.0,0.7630626
1.1,1.099999999999997,0.5991552
3.4,3.3999999999999977,3.059865
0.4,0.39999999999999925,0.6599057
1.5,1.5,1.5864935
2.1,2.0999999999999965,2.4650228
1.3,1.2999999999999992,0.9581031
1.6,1.5999999999999972,4.389866
3.7,3.699999999999994,3.405435
0.5,0.5,0.525485
0.8,0.7999999999999985,1.0661155
0.7,0.7000000000000017,0.584308
-200.0,-200.0,-200.5399
1.4,1.4000000000000028,1.5704402
-200.0,-200.0,-200.89262
0.8,0.7999999999999985,0.96855384
2.7,2.6999999999999944,2.4134543
1.0,1.0,0.6858921
1.3,1.2999999999999992,1.6178774
-200.0,-200.0,-200.17343
0.7,0.7000000000000015,1.4828894
2.8,2.800000000000006,2.566006
0.5,0.5,0.6817486
2.1,2.0999999999999965,1.5979592
2.1,2.0999999999999965,1.770037
1.3,1.2999999999999992,0.8159868
3.0,3.0,2.2572575
6.5,6.501,6.8361716
5.2,5.199999999999993,5.873893
2.8,2.800000000000006,2.5340214
0.1,0.09999999999999983,1.2465434
-200.0,-200.0,-200.72255
4.3,4.300000000000008,3.835999
1.4,1.400000000000003,1.1260688
1.7,1.699999999999997,0.98392814
1.5,1.5,1.8538554
2.2,2.1999999999999953,1.249915
0.4,0.39999999999999925,0.4290836
2.1,2.0999999999999965,1.9995978
1.2,1.2000000000000017,0.94388217
2.1,2.0999999999999965,0.8172834
0.8,0.7999999999999985,1.8103622
1.2,1.2000000000000017,2.6522658
1.0,1.0,1.6571642
0.9,0.9000000000000017,0.63009596
8.1,8.132000000000003,7.36144
1.8,1.800000000000003,1.8561215
0.3,0.30000000000000054,0.5243419
2.2,2.1999999999999953,1.9549661
0.9,0.9000000000000017,0.76898193
2.2,2.1999999999999953,2.681552
1.1,1.099999999999997,1.7901374
-200.0,-200.0,-198.01668
2.9,2.9000000000000017,3.0533361
3.9,3.899999999999995,4.1485677
-200.0,-200.0,-199.06818
2.5,2.5,2.576032
2.2,2.1999999999999953,2.587395
2.4,2.400000000000004,2.5242157
3.8,3.800000000000007,4.1162577
1.5,1.5,1.3530866
1.6,1.5999999999999972,1.376142
0.6,0.6000000000000003,0.39205623
2.7,2.6999999999999944,2.920501
3.1,3.1000000000000005,3.0493264
-200.0,-200.0,-199.60767
1.3,1.2999999999999992,0.88601243
0.9,0.9000000000000017,0.745919
7.5,7.478999999999998,6.167793
2.2,2.1999999999999957,1.9556367
1.0,1.0,1.330242
4.4,4.399999999999993,4.182492
3.2,3.1999999999999944,3.7571301
4.6,4.600000000000008,4.61555
0.9,0.9000000000000017,2.1164203
3.4,3.3999999999999977,3.5799417
4.9,4.8999999999999915,4.4962935
-200.0,-200.0,-199.22499
2.3,2.3000000000000056,2.3385901
3.6,3.600000000000003,3.1167557
1.0,1.0,0.9030044
4.0,4.0,2.7902856
1.9,1.9000000000000035,2.1828728
-200.0,-200.0,-198.38676
2.3,2.3000000000000056,2.799117
1.2,1.2000000000000017,0.97955483
1.6,1.5999999999999972,1.7931539
5.8,5.800000000000001,5.1355376
1.5,1.5,0.93061626
-200.0,-200.0,-199.65488
1.1,1.099999999999997,2.0681655
1.5,1.5,1.3664275
1.9,1.900000000000004,1.4704994
-200.0,-200.0,-201.16722
0.5,0.5,0.49308223
1.0,1.0,0.70383286
3.1,3.1000000000000005,2.260143
1.1,1.099999999999997,0.79905474
-200.0,-200.0,-199.86754
1.7,1.699999999999997,1.4454291
-200.0,-200.0,-200.10808
4.3,4.300000000000008,3.7729175
1.4,1.400000000000003,1.2985231
0.7,0.7000000000000017,0.4534402
0.6,0.6000000000000003,0.9840098
0.4,0.39999999999999925,1.6106106
-200.0,-200.0,-201.8964
1.9,1.9000000000000037,1.7298784
1.6,1.5999999999999972,1.2175562
1.4,1.400000000000003,4.0671206
2.8,2.800000000000006,2.5547075
6.8,6.799999999999995,5.905865
1.5,1.5,1.4777973
1.7,1.6999999999999968,1.6963307
2.2,2.1999999999999953,2.3000708
1.2,1.2000000000000017,1.1697787
-200.0,-200.0,-201.47542
1.2,1.2000000000000017,1.1928595
4.2,4.199999999999992,3.770952
4.1,4.100000000000006,2.5330787
3.0,3.0,2.9515772
0.8,0.7999999999999985,1.4657656
-200.0,-200.0,-199.06026
1.5,1.5,1.4683087
3.8,3.800000000000007,3.0104904
-200.0,-200.0,-200.63712
2.1,2.0999999999999965,2.4759924
3.3,3.300000000000007,3.0388558
2.1,2.0999999999999965,1.8970702
-200.0,-200.0,-201.2332
1.9,1.900000000000004,2.095561
0.5,0.5,0.6809668
3.3,3.300000000000007,3.5791523
2.1,2.0999999999999965,2.0351706
3.2,3.1999999999999944,3.8067603
1.5,1.5,1.5563507
5.2,5.199999999999993,4.4681153
-200.0,-200.0,-200.21242
1.3,1.2999999999999992,1.4209509
2.8,2.800000000000006,2.7034557
1.5,1.5,1.1791773
-200.0,-200.0,-201.75859
-200.0,-200.0,-199.0683
2.3,2.3000000000000056,2.1488128
0.5,0.5,0.77041554
1.2,1.2000000000000017,1.8531775
1.0,1.0,1.0085657
-200.0,-200.0,-204.0036
1.2,1.2000000000000017,1.0493785
-200.0,-200.0,-200.9015
1.4,1.400000000000003,1.1042172
4.6,4.600000000000008,1.9516639
-200.0,-200.0,-200.42561
2.3,2.3000000000000056,1.9140433
2.8,2.800000000000006,2.918272
1.8,1.800000000000003,1.6219544
4.1,4.100000000000006,4.6089044
1.7,1.699999999999997,1.0617912
0.2,0.19999999999999965,1.2791768
2.1,2.0999999999999965,1.2379442
0.9,0.9000000000000017,1.012015
2.4,2.400000000000004,2.6458147
0.5,0.5,0.56873345
2.7,2.6999999999999944,3.213566
1.7,1.6999999999999968,2.0634444
0.1,0.09999999999999983,0.60132015
3.1,3.1000000000000005,2.510679
3.2,3.1999999999999944,3.2013478
2.4,2.400000000000004,2.5251637
0.6,0.6000000000000003,0.5632794
1.1,1.099999999999997,1.3045833
3.1,3.1000000000000005,3.0409172
2.6,2.5999999999999965,2.0643399
5.4,5.39999999999999,3.4862776
1.6,1.5999999999999972,1.8318243
5.9,5.89999999999999,4.798416
1.5,1.5,2.5216842
0.4,0.39999999999999925,0.7624495
1.6,1.5999999999999972,1.6280118
3.1,3.1000000000000005,2.845517
2.4,2.400000000000004,2.1498039
2.0,2.0,1.1194956
1.7,1.6999999999999968,1.502516
2.3,2.3000000000000056,2.3061492
-200.0,-200.0,-199.92905
0.8,0.7999999999999985,0.45958275
1.0,1.0,0.6519176
-200.0,-200.0,-199.89642
2.9,2.9000000000000017,2.4824452
4.8,4.800000000000008,3.5991683
4.2,4.199999999999992,3.8996046
3.0,3.0,2.4068687
2.3,2.3000000000000056,2.2490358
0.4,0.39999999999999925,0.72065604
1.1,1.099999999999997,0.7368454
2.6,2.5999999999999965,2.605278
1.5,1.5,1.750626
4.6,4.600000000000008,3.5724573
1.3,1.2999999999999992,0.74595636
2.9,2.9000000000000017,2.7275705
0.4,0.39999999999999925,0.813607
1.9,1.9000000000000037,1.5843024
0.8,0.7999999999999985,2.1030989
1.6,1.5999999999999972,1.6538601
-200.0,-200.0,-200.56691
-200.0,-200.0,-200.83298
0.5,0.5,0.8345441
0.7,0.7000000000000015,0.86351585
1.5,1.5,1.675835
1.8,1.800000000000003,1.6715204
0.6,0.6000000000000003,0.68199575
2.1,2.0999999999999965,2.1867511
1.2,1.200000000000002,0.358514
1.7,1.6999999999999968,1.6904265
1.6,1.5999999999999972,2.5036294
0.6,0.6000000000000003,0.49640244
-200.0,-200.0,-199.79985
0.6,0.6000000000000003,0.982601
1.5,1.5,1.2310114
-200.0,-200.0,-201.69386
6.2,6.199000000000001,4.2090673
1.9,1.9000000000000035,1.6290416
2.3,2.3000000000000056,2.3114111
1.5,1.5,2.1208282
1.6,1.5999999999999972,2.1807227
0.7,0.7000000000000017,0.6506091
-200.0,-200.0,-200.69972
-200.0,-200.0,-200.31012
1.3,1.2999999999999992,1.2719314
0.7,0.7000000000000015,0.49603808
0.4,0.39999999999999925,0.55332005
2.9,2.9000000000000012,1.4060721
2.1,2.0999999999999965,2.1800761
1.8,1.800000000000003,1.2224548
1.1,1.099999999999997,0.8712071
1.6,1.5999999999999974,2.1518598
2.0,2.0,1.8024192
2.1,2.0999999999999965,2.2379231
3.8,3.800000000000007,3.9371152
4.6,4.600000000000008,3.4854255
1.0,1.0,0.9644709
0.5,0.5,0.9336862
2.5,2.5,2.3119795
0.9,0.9000000000000017,0.76118296
-200.0,-200.0,-200.47523
-200.0,-200.0,-199.06633
1.0,1.0,2.3400204
1.1,1.099999999999997,1.7217748
-200.0,-200.0,-201.60945
-200.0,-200.0,-200.85907
1.3,1.2999999999999992,0.49407548
1.5,1.5,1.2450714
2.0,2.0,1.8175191
4.5,4.5,4.2126555
3.1,3.1000000000000005,3.126521
4.0,4.0,3.9429197
1.1,1.099999999999997,0.92332953
1.1,1.099999999999997,0.6495564
2.2,2.1999999999999953,2.3845363
-200.0,-200.0,-202.0329
3.2,3.1999999999999944,2.5234003
3.6,3.600000000000003,3.5910778
1.3,1.2999999999999992,1.2275463
-200.0,-200.0,-199.68759
2.1,2.0999999999999965,1.9498036
1.1,1.099999999999997,1.1982437
4.6,4.600000000000008,3.1652832
-200.0,-200.0,-214.44371
-200.0,-200.0,-202.26717
2.6,2.5999999999999965,1.4898372
1.0,1.0,1.6199011
-200.0,-200.0,-199.79541
-200.0,-200.0,-200.54298
-200.0,-200.0,-199.86449
0.7,0.7000000000000014,0.69751257
2.5,2.5,2.3957264
1.7,1.6999999999999968,2.1589148
0.7,0.7000000000000015,0.42936978
3.0,3.0,3.5182066
2.3,2.3000000000000056,1.8163408
1.1,1.099999999999997,0.75106615
2.1,2.0999999999999965,1.827364
1.3,1.2999999999999992,1.6997676
-200.0,-200.0,-200.80891
0.8,0.7999999999999985,0.6102259
3.7,3.699999999999993,4.8310194
1.6,1.5999999999999972,1.653776
2.0,2.0,2.5662584
1.5,1.5,1.8698202
-200.0,-200.0,-200.32878
4.0,4.0,3.9574397
4.2,4.199999999999992,3.5844765
-200.0,-200.0,-200.32278
2.5,2.5,3.0136409
1.9,1.9000000000000037,1.8688892
4.9,4.8999999999999915,4.136275
4.4,4.399999999999993,4.768965
2.8,2.800000000000006,2.5630207
-200.0,-200.0,-199.85791
-200.0,-200.0,-200.85406
3.2,3.1999999999999944,2.760653
2.4,2.400000000000004,2.9486415
-200.0,-200.0,-200.91475
2.1,2.0999999999999965,1.1916213
2.0,2.0,2.1345658
1.3,1.2999999999999992,2.0575905
3.9,3.899999999999995,2.3984575
3.1,3.1000000000000005,3.0386674
2.8,2.800000000000006,2.6809363
-200.0,-200.0,-200.0202
2.0,2.0,1.4676971
1.9,1.9000000000000037,1.8783362
0.1,0.09999999999999983,0.66962725
-200.0,-200.0,-200.97987
0.4,0.39999999999999925,0.52197486
-200.0,-200.0,-198.86247
1.1,1.099999999999997,0.71829796
2.0,2.0,2.1702638
4.0,4.0,3.9734
1.9,1.900000000000004,1.9106603
-200.0,-200.0,-199.63565
3.7,3.699999999999993,2.5235138
2.1,2.0999999999999965,1.8440734
4.9,4.8999999999999915,4.705467
4.5,4.5,3.1919026
-200.0,-200.0,-199.94272
4.0,4.0,3.3103635
2.7,2.6999999999999944,2.970101
1.4,1.400000000000003,1.8034531
2.0,2.0,1.1047627
1.4,1.400000000000003,1.1745061
0.9,0.9000000000000017,0.48017478
3.8,3.800000000000007,3.6484458
2.0,2.0,1.8525394
0.3,0.30000000000000054,0.70284176
-200.0,-200.0,-198.68059
1.2,1.2000000000000017,1.627091
-200.0,-200.0,-200.62459
1.5,1.5,1.2450714
1.6,1.5999999999999972,2.0276475
-200.0,-200.0,-199.54924
2.3,2.3000000000000056,2.0836172
1.1,1.099999999999997,1.4438725
0.6,0.6000000000000003,0.6671637
1.7,1.699999999999997,3.0639067
7.3,7.293999999999998,6.769683
0.9,0.9000000000000017,0.7314442
-200.0,-200.0,-201.3907
-200.0,-200.0,-197.88756
6.7,6.700000000000005,5.0317855
-200.0,-200.0,-200.95105
-200.0,-200.0,-198.71703
3.3,3.300000000000007,2.68397
-200.0,-200.0,-200.32558
1.0,1.0,0.9504471
2.4,2.400000000000004,2.1776056
2.9,2.9000000000000012,2.4663198
1.0,1.0,0.77200574
0.3,0.30000000000000054,1.4860997
2.2,2.1999999999999957,1.9061321
-200.0,-200.0,-200.8098
2.8,2.800000000000006,2.3026228
1.0,1.0,0.6554243
2.6,2.5999999999999965,2.1688266
1.5,1.5,1.3748565
1.2,1.2000000000000017,0.9871772
3.0,3.0,2.104399
4.5,4.5,4.1374297
2.5,2.5,2.5688357
0.5,0.5,0.91157913
5.8,5.800000000000001,5.679289
1.5,1.5,1.1417385
3.8,3.800000000000007,2.2594306
4.5,4.5,2.9661248
-200.0,-200.0,-201.36511
0.8,0.7999999999999985,0.7375978
1.4,1.400000000000003,1.2015924
3.6,3.600000000000003,3.5841815
1.5,1.5,1.6363811
4.4,4.399999999999993,4.3495574
1.7,1.6999999999999968,1.5870705
2.5,2.5,2.7968376
0.4,0.39999999999999925,0.87203556
1.1,1.099999999999997,0.71076316
1.5,1.5,1.2450714
0.8,0.7999999999999985,0.7378028
1.2,1.2000000000000017,1.2925563
3.0,3.0,3.079916
-200.0,-200.0,-201.193
0.6,0.6000000000000003,0.8076416
2.2,2.1999999999999953,2.3130612
1.3,1.2999999999999992,0.65519494
-200.0,-200.0,-200.10353
1.7,1.699999999999997,1.7844486
0.9,0.9000000000000017,0.8144523
-200.0,-200.0,-200.79509
1.6,1.5999999999999972,2.0360987
2.6,2.5999999999999965,3.1401067
2.7,2.6999999999999944,2.8992987
-200.0,-200.0,-197.6041
6.0,6.001,5.454408
0.6,0.6000000000000004,1.5060053
2.7,2.6999999999999944,2.6975996
1.1,1.099999999999997,1.2299386
0.5,0.5,0.70977396
-200.0,-200.0,-201.24901
1.4,1.400000000000003,1.8186584
0.7,0.7000000000000017,0.84154487
-200.0,-200.0,-197.06068
0.9,0.9000000000000017,1.8074685
-200.0,-200.0,-200.87865
0.7,0.7000000000000017,0.78620994
3.6,3.600000000000003,4.2626195
1.6,1.5999999999999972,1.7431496
2.9,2.9000000000000017,2.8565598
5.4,5.39999999999999,4.2519326
-200.0,-200.0,-200.56607
1.1,1.099999999999997,2.2357578
0.5,0.5,0.59488016
4.3,4.300000000000008,3.7748382
1.5,1.5,1.6257727
0.7,0.7000000000000017,1.5847474
0.4,0.39999999999999925,1.3374597
1.3,1.2999999999999992,0.44415995
4.0,4.0,3.7314916
1.6,1.5999999999999974,1.2924236
1.1,1.099999999999997,1.9580833
0.9,0.9000000000000017,1.3465663
0.3,0.30000000000000054,0.7160295
2.5,2.5,2.6980324
-200.0,-200.0,-200.32825
0.4,0.39999999999999925,0.67811894
1.3,1.2999999999999992,0.99150735
1.9,1.900000000000004,2.0816967
2.1,2.0999999999999965,1.8747818
-200.0,-200.0,-200.89816
2.4,2.400000000000004,2.316458
3.0,3.0,2.4022505
6.3,6.302999999999997,5.369804
0.1,0.09999999999999983,1.0021765
0.3,0.30000000000000054,0.914523
1.4,1.400000000000003,0.83425903
1.5,1.5,1.8676022
4.3,4.300000000000008,4.0899324
1.3,1.2999999999999992,1.6391715
2.5,2.5,3.0674677
4.1,4.100000000000006,3.3946419
3.3,3.300000000000007,2.8353963
6.3,6.300999999999998,5.57395
2.3,2.3000000000000056,1.3645326
0.5,0.5,2.7808466
1.9,1.9000000000000037,2.1202226
3.2,3.1999999999999944,2.987368
-200.0,-200.0,-199.42662
1.9,1.900000000000004,1.9366206
0.9,0.9000000000000017,0.4061765
2.1,2.0999999999999965,1.9081255
3.5,3.5,3.2695422
-200.0,-200.0,-199.25273
-200.0,-200.0,-200.5674
-200.0,-200.0,-199.69687
2.5,2.5,2.5477943
4.5,4.5,3.8431993
1.0,1.0,0.54479617
-200.0,-200.0,-199.39441
0.9,0.9000000000000017,2.2855484
0.6,0.6000000000000003,0.7196269
2.2,2.1999999999999953,1.9599847
3.2,3.1999999999999944,3.0663614
1.6,1.5999999999999972,1.9229561
-200.0,-200.0,-201.02179
0.9,0.9000000000000017,0.82580775
2.4,2.400000000000004,2.2140112
-200.0,-200.0,-200.68207
3.1,3.1000000000000005,5.9356265
2.9,2.9000000000000012,3.485979
1.8,1.800000000000003,1.2001745
-200.0,-200.0,-200.68132
-200.0,-200.0,-200.74348
0.8,0.7999999999999985,0.80998224
1.3,1.2999999999999992,0.8553927
2.3,2.3000000000000056,2.2037349
-200.0,-200.0,-201.5168
5.1,5.100000000000009,4.0573416
1.4,1.400000000000003,1.7258016
2.2,2.1999999999999953,2.5177884
0.6,0.6000000000000003,0.7501125
-200.0,-200.0,-200.65112
2.8,2.800000000000006,3.0422492
4.3,4.300000000000008,2.86907
1.9,1.900000000000004,1.9490745
3.2,3.1999999999999944,3.6583414
0.7,0.7000000000000017,1.3142413
3.2,3.1999999999999944,2.2488031
3.7,3.699999999999993,3.5171468
-200.0,-200.0,-200.10298
8.0,7.987999999999999,6.4486365
6.8,6.804999999999994,5.9571652
3.2,3.1999999999999944,2.9544187
1.4,1.4000000000000028,0.52894074
-200.0,-200.0,-201.33258
2.8,2.800000000000006,3.4327233
6.4,6.397999999999989,6.284282
1.4,1.4000000000000028,0.85144305
-200.0,-200.0,-200.3829
4.0,4.0,3.744614
1.0,1.0,0.72789913
2.2,2.1999999999999953,1.5939631
2.5,2.5,2.2866073
0.7,0.7000000000000015,0.9413025
0.8,0.7999999999999985,0.68808407
2.1,2.0999999999999965,2.7122445
0.5,0.5,0.53738177
6.2,6.202000000000001,5.727951
-200.0,-200.0,-203.96162
0.5,0.5,0.65723133
1.4,1.4000000000000028,1.1202687
1.8,1.800000000000003,1.5191989
-200.0,-200.0,-200.69667
2.5,2.5,2.3570082
1.3,1.2999999999999992,0.8852691
1.5,1.5,1.2450714
-200.0,-200.0,-201.0396
0.6,0.6000000000000004,0.7957259
0.9,0.9000000000000017,0.6051436
2.1,2.0999999999999965,2.2739465
0.9,0.9000000000000017,0.34734896
2.1,2.0999999999999965,2.4316742
4.9,4.8999999999999915,5.2864823
2.0,2.0,2.3842275
3.9,3.899999999999995,4.113675
1.3,1.2999999999999992,0.8880699
0.6,0.6000000000000003,0.7040327
1.7,1.699999999999997,1.315142
4.1,4.100000000000006,3.7280788
4.1,4.100000000000006,4.3854823
2.4,2.400000000000004,2.2227685
1.8,1.800000000000003,1.936606
-200.0,-200.0,-198.91327
2.0,2.0,2.324367
1.3,1.2999999999999992,1.8934499
3.1,3.1000000000000005,6.151181
1.0,1.0,2.066439
3.7,3.699999999999994,3.4131603
1.5,1.5,1.0916492
-200.0,-200.0,-201.22833
1.2,1.2000000000000017,1.1174791
0.7,0.7000000000000015,0.70344925
3.0,3.0,3.3892996
0.6,0.6000000000000003,0.47506446
